platform,rating,title,text,date
appstore,5,Let's Groww,Groww together,2026-09-19
appstore,5,Great savings opportunities,Excellent experience,2026-09-18
appstore,1,Negative charges are invisible,I left the account for around 1 month and now my balance is negatives while my holdings are in profits. Not even a reason why its negative. Not even a small notification that it went negatives.,2026-09-18
appstore,5,Stock,Stock analyse for best app,2026-09-18
appstore,1,Pathetic Service,One small issue that I m unable to add money by net banking and even after 7 whole days no resolution. Had call backs from seniors in support team but no action. realistically it’s the worst service they can provide .Kudos to the team for being such a big lair and helpless to do anything .,2026-09-18
appstore,1,Customer support,"Worst customer service, I recently call in the customer service and after hearing my problem/issue the person who was alloted to me goes silent without resolving my problem and doesn’t response to my issue and cut the call",2026-09-18
appstore,5,Great,Great,2026-09-18
appstore,1,Worst customer support,Their chat support doesn’t have any real agents and customer care number always busy. I am moving to other app,2026-09-17
appstore,1,Support issue,"Customer care guys not supporting properly don’t use this app anymore
Worst experience from groww",2026-09-17
appstore,1,"Improve your customer support, no one is there to support a transaction issues.",Even single reply to take time 20-30 min without proper knowledge.they don’t understand the issue. Worst customer support. groww Application also skips my one-day transaction history they didn’t add my profit and also my capital amount is also blocked even not shown in transaction history.,2026-09-17
appstore,1,3rd CLASS TRADING APP,"Extremely disappointing trading experience. My order was clearly in profit, but when I tried to exit, the order failed or did not execute properly multiple times. I attempted to exit 2–3 times, but by the time the order finally went through, the position had moved into a loss.

This is a serious issue for a trading platform. In fast-moving markets, even a few seconds can make a huge difference. Traders should not have to repeatedly attempt an exit while their position is already in profit.

The overall experience was frustrating and unreliable. Groww seriously needs to improve order execution, stability, and reliability during market hours. I expected much better from a platform used for trading.",2026-09-17
appstore,1,The worst customer service and irresponsibility towards money,I have traded some options and the next day they disappeared. The money is also not seen in the grow account. I have tried to reach out to customer care for one hour and the call didnt even get through. Please be careful while trying to waste your money on fraud apps like this.,2026-09-17
appstore,1,Services,Very very very bad service they even didn’t replied,2026-09-17
appstore,5,Easy,Useful and Helpful Comfort 💯✅ Trusted 💯 Trustworthy& easy,2026-09-17
appstore,5,Easy and simple,"Easy to access all options and everything in a one plant-form interesting.
overall it a simple steps to get in and understand market.",2026-09-17
appstore,1,Patient Customer Service,This company has the most pathetic customer service where you have to wait for minimum 2 days to get a reply and post waiting also the agents reply’s comes with attitude. As if they are doing a charity by replying to our queries. If the company can’t provide customer service then they should doing business whose primary work is customer service.,2026-09-17
appstore,5,++++,Best app ever for trading,2026-09-16
appstore,1,Grow is cheating i have evidence their system is not good triggering false prices and making to loss,I have the proof my trigger price was 195.40 but market didnt go down it went up but my sl order triggered at 192 and gave me loss,2026-09-16
appstore,1,plz Add Remove option in Targeted price.,I Put Target price in Nifty and other Options. & After Some Time it’s trigger. And Then i try to remove my Traget price then i see thare is No Option to remove target price. So plz Add this Futures.,2026-09-16
appstore,5,Suggestion for become best Investing App,"Great evolution ,If PEG ,Intrinsic value ,Future growth rate provided .Grow will become the best app",2026-09-16
appstore,5,Very Good Application,Good,2026-09-16
appstore,5,Best and easiest,One of the best app ..loved it,2026-09-16
appstore,5,Good,Good,2026-09-16
appstore,5,User friendly experience,Easy to use and monitor the current progress.,2026-09-15
appstore,5,Nice,Good,2026-09-15
appstore,5,Easy to use,Good for new comers,2026-09-14
appstore,5,Good,Easy to use,2026-09-14
appstore,5,Groww app,Very nice,2026-09-14
appstore,1,I hate this app,This app is very slow in withdrawal and also many charges are applied,2026-09-13
appstore,5,Excellent,Good app,2026-09-13
appstore,5,Performance of GROWW app,Very good,2026-09-13
appstore,5,Investors app,Good app for mutual funds investors,2026-09-13
appstore,5,Easy to use,Good,2026-09-13
appstore,5,Good,Good,2026-09-13
appstore,5,GREAT APP,"Best investing app ever👍 
don’t know about others but it works for me",2026-09-13
appstore,5,Good,Best platform for investments,2026-09-13
appstore,5,Good,Good n easy investment,2026-09-12
appstore,5,"Nice Aplication and easy to understand,handling",My experience is good,2026-09-12
appstore,5,100,Good,2026-09-12
appstore,5,Good service,Good,2026-09-12
appstore,5,Groww is best,"Best App for stocks,mutual funds,IPO etc.",2026-09-12
appstore,5,Ok,Ok,2026-09-12
appstore,5,App,"User friendly 
Much useful for new entrants",2026-09-12
appstore,5,Good,Nice application,2026-09-11
appstore,5,Font size,"Everything good, if the font size able to make big it will fine. 
Thank you",2026-09-11
appstore,1,Need Volume in index,"Without volume how a trader can trade efficiently, enable it for seem less trading in single window",2026-09-11
appstore,5,Good app. But demands update frequently,App demands update daily is the only problem. Otherwise app is good.,2026-09-11
appstore,5,Trading,Best app for all trading and investment needs,2026-09-11
appstore,5,Good service,Best,2026-09-11
appstore,5,Good,Good,2026-09-11
appstore,5,Investors app,Great experience,2026-09-11
appstore,5,Good App,Very good app for beginners,2026-09-11
appstore,5,Good,Really nice,2026-09-11
appstore,1,Harassment,Harassment at the time of payment of Mutual fund Lumpsum.,2026-09-11
appstore,5,All good,Essay to use,2026-09-11
appstore,5,Groww should GROWW!,"I love the easy, usable way a digital relic like me can manage and navigate to grasp so many diverse ideas and areas to invest and grow my portfolio!!! Cheers. 🥂",2026-09-11
appstore,5,Good,Very good,2026-09-11
appstore,5,Nice,App,2026-09-11
appstore,5,Ahmad,Ahmad,2026-09-11
appstore,5,Good,Good for investment,2026-09-11
appstore,5,Very nice interface,Shandaar app for all traders,2026-09-11
appstore,5,review,"abe laude , macchar ki jhaant, bar bar review mangna band kar madarchooodddd, paise toh ulta minus mai chal rha h , kya lund review du tereko , bhaaaak maaaaaaadarchoood",2026-09-10
appstore,4,Ok,Ok,2026-09-10
appstore,5,Excellent,Excellent,2026-09-10
appstore,2,Flat 5 rs new  Extra Charge,Flat 5 rs new  Extra Charge  for every stock purchase,2026-09-10
appstore,1,Worst experience,Pathetic app for investment and pathetic customer service as well. No update on unit allocation even though the date of allocation has passed. And terrible customer service as nobody comes in to help. Just reassigns to a new person in the same chat and nobody bothers to reply,2026-09-10
appstore,5,Very good,Awesome,2026-09-10
appstore,5,wow,amazing,2026-09-10
appstore,5,Good,Good and easy,2026-09-10
appstore,5,Grow with Grow App,"Good aap 
Easy Handel",2026-09-10
appstore,1,Needs improvement and customer friendly,Such a useless kyc system.,2026-09-10
appstore,5,Very Good,Good platform. open a E Commerce Site also.,2026-09-10
appstore,5,Best,Good,2026-09-10
appstore,5,OSS,One stop solution for your financial management,2026-09-10
appstore,5,Good app,Good support,2026-09-10
appstore,1,Sip Declined,"On groww when I will do sip it is rejected after 7-8 days dont know why it is happened with 4 different mutual funds, I have raised a ticket but they are not responding worst experience ever, I will not use groww anymore",2026-09-10
appstore,5,Good,10/10,2026-09-10
appstore,5,Best trading app,Perfect charts and smooth interface for uninterrupted trading,2026-09-10
appstore,1,Fraud karta hai,Donot be install,2026-09-10
appstore,5,Awesome,Awesome,2026-09-10
appstore,5,Very efficient platform,Groww is a very good and efficient platform with good analytical data available.,2026-09-10
appstore,1,Very very bab,Only lose,2026-09-10
appstore,5,Excellent platform,"It’s a excellent platform 
Simple and easy to use and works well for everyone who needs to work in stock market",2026-09-10
appstore,5,Amazing,I love the app. It’s very simple & convenient to use,2026-09-10
appstore,5,Best app for Mutual funds,I really like Groww app for Mutual fund. Their UI and quick analysis is good. Also ticket resolution is very prompt. Love the experience,2026-09-10
appstore,5,Very good,"Rate of interest high 
Baki bahut achi sab best hai",2026-09-10
appstore,5,User Friendly,User Friendly app easily understandable,2026-09-10
appstore,5,Lifesaver,This app is so good for long term,2026-09-10
appstore,5,The best,The best app,2026-09-09
appstore,5,Great app for beginners,"Excellent app for trading middle class and savings , trust me 1 day I wealth will kick you by groww",2026-09-09
appstore,5,No. 1,India’s no 1 trading platform. My experience with Groww is outstanding..🫡🙏🏻,2026-09-09
appstore,5,Great,Good,2026-09-09
appstore,5,Perfect,Good and fast,2026-09-09
appstore,5,G App,"If you are a beginner or a long-term investor looking for a clutter-free, hassle-free app to build your wealth, Groww is an exceptional choice. Advanced traders, however, may prefer platforms with heavier charting tools.",2026-09-09
appstore,5,Very good,Very good,2026-09-09
appstore,5,Smooth,Transaction was as smooth as flow of water,2026-09-09
appstore,1,Worst app,"Worst app, they will breach your security and open f&o segment on there without your consent and bsda yes to no without any consent or intimation to user and if complaint is raise they just make you go round and round with no solution and close ticket without any resolution with a thank you, customer care experience is as equal to Instagram fraud sellers if you face any difficulties or have an issue they have no answer",2026-09-09
appstore,1,Average,App not user friendly and the dashboard doesn’t display direct total orders,2026-09-09
appstore,5,Nice,10,2026-09-09
appstore,5,Good experience,User experience is great.,2026-09-09
appstore,5,Very Good App,Good online platform for traders,2026-09-09
appstore,5,Singh,Good,2026-09-09
appstore,4,Nice,Very nice app,2026-09-09
appstore,5,H,H,2026-09-09
appstore,5,Maharaja,I am using Grow app for 3 years and I am fully satisfied.God bless Grow. Tum jug jug jio Maharaja,2026-09-09
appstore,5,Hitha Janaki,"Thank you so much Universe! 
Thank you God !
Thank you Groww !💝😘",2026-09-09
appstore,5,Easy to operate,Nice investment app,2026-09-09
appstore,5,Growth,Groww means Growth,2026-09-09
appstore,5,Scalping,Good broker for scalpers,2026-09-09
appstore,3,Delay chart,Everything is fine and it is user friendly.. even though I have high internet speed ..chart is delaying with the range of 5-10 seconds .. please improve this,2026-09-09
appstore,5,Use,Very Good experience,2026-09-09
appstore,5,Thank you,I love Groww.,2026-09-09
appstore,5,Nice,Grow stocks app is the best,2026-09-09
appstore,5,Good,Best platform,2026-09-09
appstore,1,Not working in iphone17,Its not working in iphone 17. Unable to login through any mail,2026-09-09
appstore,5,Very good interface,Very convenient in setup and use. Interface is great..i am using mutual funds as if now. Thanks,2026-09-09
appstore,5,Excellent improvement recently by introducing GR-1 insights,"The ease of operation has always been there and also the latest important news for the day is pretty useful 
Now the introduction of GR-1 insights analysing what’s going on with a stock and what is the meaning of recent changes in valuation, quarterly results and company insights are also very useful 
Then the addition of technical data and trends also helps a lot in making decisions so overall 👍👍👍",2026-09-09
appstore,5,Grow User Friendly,Grow is very User Friendly Mobile Application for Trading. also its Pre-Apply IPO Feature makes you one step ahead of other Application. Off Trading Hours we can book Order and they are placed easily,2026-09-09
appstore,5,Superb,Very good app for all your market management,2026-09-09
appstore,5,Sanket,I loved new networth feature can you pls add xirr so net worth can be seen using this,2026-09-09
appstore,5,Bapp of demate,No 1 app in India,2026-09-09
appstore,5,Great,Greatest,2026-09-09
appstore,5,Superb App,Trading news analysis became user friendly and easy for understanding for new people and investors,2026-09-09
appstore,5,Groww,Exlent,2026-09-08
appstore,5,Nice,Nice,2026-09-08
appstore,5,Excellent app,Excellent app easy to use feel comfortable,2026-09-08
appstore,5,easy to operate,its operations fir bying selling ipo applying is in seconds,2026-09-08
appstore,5,Very user friendly interface,"Excellent app with very good user interface, each to track and trace with full visibility on real-time basis",2026-09-08
appstore,5,Excellent service,10 stars,2026-09-08
appstore,5,Good,Quick and easy to navigate,2026-09-08
appstore,5,Nice,Ease of use,2026-09-08
appstore,5,Best app for your financial journey,One of the best and easy to use app,2026-09-08
appstore,5,Good,Good,2026-09-08
appstore,5,Easy,Ease of transaction,2026-09-08
appstore,5,❤️❤️,❤️❤️,2026-09-08
appstore,5,Happy,Awesome experience,2026-09-08
appstore,5,Good Exp,Easy to know this app and learning,2026-09-08
appstore,5,Fantastic App,"Easy to use, customer friendly",2026-09-08
appstore,5,Best way to invest,Best way to invest,2026-09-08
appstore,5,Exceptional Platform,Keep Growing,2026-09-08
appstore,5,Nice,Too early to judge..let’s complete min 6 months,2026-09-08
appstore,4,User Friendly,Using Groww application is fun and easy. The app breaks complex data into charts which enhances user. Highly recommend this app to all specially new age investors.,2026-09-08
appstore,5,Very good service,No.1 service,2026-09-08
appstore,5,good,good,2026-09-08
appstore,5,Great,Exllent very good,2026-09-08
appstore,5,Wonderful trading app!,"Groww is a very user friendly trading app for beginners and professionals, both. Works in real time with immediate settlements. Recommended.",2026-09-08
appstore,5,Information,Good,2026-09-08
appstore,5,Vora’s,Awesome,2026-09-08
appstore,5,Great app for investment,Great app for investment,2026-09-08
appstore,5,Best app,Best sip and investment app,2026-09-08
appstore,5,Operation good,Operate krna bohot asaan hai,2026-09-08
appstore,1,Fraud app,Hostile fraud app,2026-09-08
appstore,4,Good app,Graphics are great but selling process are little bit difficult but by the way app is good,2026-09-08
appstore,5,Good App,"user friendly, easy to use",2026-09-08
appstore,5,Good,Good,2026-09-08
appstore,5,Good,Very nice work,2026-09-08
appstore,5,👍,Best and easy to operate,2026-09-07
appstore,5,BEST STOCK MARKET APP.,No other Stock Market app works so smoothly as does GROWW app🌺🙏,2026-09-07
appstore,4,Good,Good,2026-09-07
appstore,4,Good,Nice but make it for IPad as well,2026-09-07
appstore,5,Good,Good,2026-09-07
appstore,5,Best platform,Easily understandable,2026-09-07
appstore,1,Grow,Lost almost 5lakh in charges,2026-09-07
appstore,5,Very good,Super,2026-09-07
appstore,5,Really Best app for beginners and professionals for stocks trading,Loveit,2026-09-07
appstore,5,Exiland,Good,2026-09-07
appstore,5,Good,Nice,2026-09-07
appstore,5,Demat account,Best among all,2026-09-07
appstore,5,I like,Nice,2026-09-07
appstore,4,A,A,2026-09-07
appstore,5,Latest and best app!!,"Excellent app; well designed UI, seamless functionalities.",2026-09-07
appstore,5,Good and easy investment app,Trustworthy,2026-09-07
appstore,5,Rating,User friendly interface,2026-09-07
appstore,5,Groww stocks and Mutual Fund,Excellent and awesome options,2026-09-07
appstore,5,Good,Very good,2026-09-07
appstore,5,Good platform,Very easy and friendly interface,2026-09-07
appstore,5,Rana,Excellent,2026-09-07
appstore,5,Ishu,Good good,2026-09-07
appstore,5,sachu,bali,2026-09-07
appstore,5,Good,Very easy,2026-09-07
appstore,5,Good,Super excited,2026-09-07
appstore,5,Venky,Superb,2026-09-07
appstore,1,Full screen,My iPad 10th generation doesn’t work on full screen support. Why ? Please fix it .,2026-09-07
appstore,5,Super,5,2026-09-07
appstore,5,Good,"After new update, very good grew and more grew",2026-09-07
appstore,4,Good,Good,2026-09-07
appstore,5,Groww,Easy to use,2026-09-07
appstore,5,Great,Great,2026-09-07
appstore,5,Best aap,Esse behtar koi aur nhi 🧿⚡️,2026-09-07
appstore,5,best platform for the beginner investor.simple and genuine,best platform for the beginners investors,2026-09-07
appstore,5,Excellent,Very good platform. Nicely built.,2026-09-07
appstore,5,Make money with Groww,🫵,2026-09-07
appstore,5,Good,Good one,2026-09-07
appstore,5,Good services,5,2026-09-07
appstore,5,Peace of mind,Great experience,2026-09-07
appstore,5,Nice,Nice,2026-09-07
appstore,5,Growing,Superb and simplest of all time,2026-09-06
appstore,5,Great services,Highly anticipate for your services,2026-09-06
appstore,5,Good,Goo,2026-09-06
appstore,1,Not sending notifications,Grow not sending notifiaction in my iphone 13 mini with ips 18,2026-09-06
appstore,5,"Simple, Advanced and User Friendly",The app is simple with neat features and 1 click stock investment. Best for MF for SIP or lump sum and easy withdrawal and redemption . Anyone from 10 to 80 years can navigate,2026-09-06
appstore,5,Easy to operate,I find very to operate,2026-09-06
appstore,5,Easy interface for beginners,Good interface and user experience,2026-09-06
appstore,1,chang uour mind set think only honesty,inalso see here only  wrong result it make by you or indont know   because  i am auto rixow druver i loas here when i right then you give me loss 35laks i lost. i feel  cheat my family  best of luck,2026-09-06
appstore,5,V good,Good,2026-09-06
appstore,5,Best Stocking Apps,Beat Apps,2026-09-06
appstore,5,Easy to use,Easy to use,2026-09-06
appstore,5,👍🏻👍🏻,Super,2026-09-06
appstore,5,Best,😍,2026-09-06
appstore,5,Great,Good,2026-09-06
appstore,5,Excellent,Great!,2026-09-06
appstore,5,Smooth service and trusted,Smooth service and trusted,2026-09-06
appstore,5,I trust and groww,For investment you can trust groww,2026-09-06
appstore,5,LOVE IT,One of the best apps!,2026-09-06
appstore,5,Good app,Please add scalper mode in commodities also,2026-09-06
appstore,1,Poor Customer Service,"I invested ₹10.00 Lakhs in SIF of SBI MAGNUM LONG SHORT NFO on 12/08/2026 via Groww however the investment doesn’t reflect in Groww app even till date i.e. 06/09/2026.
I have raised the pressing issue with their support team along with sought after documents & statements from CAMS. But no solution provided so far.",2026-09-06
appstore,5,Good,Good,2026-09-06
appstore,5,Best,Best,2026-09-06
appstore,5,Easy to operate,Good app,2026-09-06
appstore,5,Very good,Easy to use,2026-09-05
appstore,5,Good,Very good,2026-09-05
appstore,5,Grateful,Very good app,2026-09-05
appstore,5,Very easy app,Simple app with ease of work. SIP calculator is very good option.,2026-09-05
appstore,5,Nice,Good,2026-09-05
appstore,5,Amazing,Amazing,2026-09-05
appstore,5,Mr Subriyaz,Very detailed explanation of every terminology as well as about the stocks and mutual funds,2026-09-05
appstore,5,Very goo,Very helpful,2026-09-05
appstore,5,Good,Very good,2026-09-05
appstore,4,Nice,Very nice,2026-09-05
appstore,5,🤩🤩🤩🤩,Star,2026-09-05
appstore,5,Good,Very cool and good,2026-09-05
appstore,5,Great app for investing,Simple and user friendly app that I use for investing,2026-09-05
appstore,5,App is crashing,"Unable to open the app. The moment u try to open it, it just crashes. Please help. This has never happened before.",2026-09-05
appstore,2,BAD EXPERIENCE,Very BAD Experience as it is not optimised for Tablets and iPad view like other brokers,2026-09-05
appstore,5,Best for SIP’s,Easy to use and understandable,2026-09-05
appstore,5,Grow stock,Best,2026-09-05
appstore,5,Best application for trading,I am using Groww since last 4 years. This is user friendly application to See financial information of the company. It is easy to buy and sell securities on application.,2026-09-05
appstore,5,Good,Good,2026-09-05
appstore,4,Unable to See SIP auto pay or date of Auto pay,"I have a issue with this app - in past i have auto with Yes bank for SIP , i have some issue with bank and i change my primary bank to HDFC and now i have deleted the Old bank from auto pay but how can i check my new auto pay is working or not ??",2026-09-05
appstore,5,Hitesh Vakil,All information are good,2026-09-05
appstore,5,Nice,Nice,2026-09-05
appstore,5,Very Good app,Sandeep bhai,2026-09-05
appstore,5,User friendly app,User friendly,2026-09-05
appstore,5,Very Smooth,Very very easy to operate,2026-09-05
appstore,5,Ss,Gg,2026-09-05
appstore,5,Good,Good,2026-09-05
appstore,5,Stock Management,Great experience.,2026-09-05
appstore,5,UI,"Have been using Grow for a long time now, it provides better user experience than other apps, thats what I love most about it",2026-09-05
appstore,5,Awesome,Awesome,2026-09-04
appstore,5,Great App,Great App Design,2026-09-04
appstore,5,Honest feedback,The app can be improved by its UI and there are still some bugs which should be fixed in terms of latency..,2026-09-04
appstore,5,Asahi galas and kajaria shares,Very satisfied,2026-09-04
appstore,5,App,Really amazing,2026-09-04
appstore,5,Very helpful,Amazing app,2026-09-04
appstore,5,Quite Good,Good,2026-09-04
appstore,5,Good App,Great app for investing and good ui,2026-09-04
appstore,5,Good,"Very easy to use, UI standards are pretty good and easy to understand. Keeping going team groww🙏🏽❤️!",2026-09-04
appstore,5,Excellent,99,2026-09-04
appstore,5,Well Platform,"Good In View And Study 
Easy In Diposit And Withdraw Amount",2026-09-04
appstore,5,Good,Excellent,2026-09-04
appstore,5,Best,Loved it,2026-09-04
appstore,5,Great,Great,2026-09-04
appstore,5,Ok,Super,2026-09-04
appstore,5,Rating,Very nice,2026-09-04
appstore,5,A best for SIP investors,A good for a manage portfolio,2026-09-04
appstore,5,Mirza,The,2026-09-04
appstore,5,Very good,Good,2026-09-04
appstore,5,Invest,Good app,2026-09-04
appstore,5,Great 😊,Fully satisfied,2026-09-04
appstore,5,Best App,One of the best stock brokers,2026-09-04
appstore,5,Very easy to use,"I have been using grow for 3 years , very easy to use and withdrawals are too quick beat app for stock market",2026-09-04
appstore,5,Suggestion,It will be very useful if you can add “open interest “ indicator in Groww chart.,2026-09-04
appstore,5,Super,"Excellent app, one thing stocks showing avg",2026-09-04
appstore,5,God,God,2026-09-04
appstore,5,Good,Superb app,2026-09-04
appstore,5,Grow is the best,"I love Groww for it’s world class customer friendly software, transparency, business ethics, prompt services, and so on",2026-09-04
appstore,5,Shrikant,Seth jii,2026-09-04
appstore,5,Trading,Excellent,2026-09-04
appstore,5,Good,Good,2026-09-04
appstore,1,SIP Activation not working,"hello Groww team, I wanted to inform you that. I’m using this application from last 3 years for sip management. but now new sip activation is not working properly, I have tried my all possibilities to activate sip please check this issue asap and improve this flow. 


the issue is:
when I click on sip activate autopay - with my phonepe or googlepay upi it shows something went wrong, and inside groww upi it shows no upi is activated please activate - i dont want to activate.

suggestion:
use less vibe coding and proper feature improvement thanks! previous version was far better than this.",2026-09-04
appstore,5,Great app,Works very well,2026-09-04
appstore,4,User experience 💝,Nice,2026-09-04
appstore,5,Good,Good,2026-09-04
appstore,5,Groww,Excellent,2026-09-04
appstore,5,review,good,2026-09-04
appstore,5,Good app to invest,Amazing app to invest from very simplified,2026-09-03
appstore,5,Saswata,Its too much user friendly,2026-09-03
appstore,5,Good,Perfect platform for trading!,2026-09-03
appstore,5,Best,Always recommend,2026-09-03
appstore,5,Extremely user friendly!,My experience with Groww has been superb! Particularly with stocks and the support team is always helpful!,2026-09-03
appstore,5,👍👍,"Very good platform for mutual fund,stocks & IPO. 👍👍👍",2026-09-03
appstore,5,Amazing,🥰🥰,2026-09-03
appstore,5,D,Good very,2026-09-03
appstore,5,Feedback,Very good experience and friendly,2026-09-03
appstore,5,Padmavathi,Very Informative,2026-09-03
appstore,5,Good for share market knowledge,5 star,2026-09-03
appstore,5,Dharma,Ok,2026-09-03
appstore,5,Very cool,Much efficient,2026-09-03
appstore,1,App load time,"App load is taking mores than 30-40 seconds, please check",2026-09-03
appstore,5,Good apps to invest,This is a good app to invest,2026-09-03
appstore,5,UPS and down,Very risky,2026-09-03
appstore,5,Platform,Very nice platform,2026-09-03
appstore,5,"Excellent application, very simple in use","Hats off who’s developed 
such an easy user interface",2026-09-03
appstore,5,So nice,I am verry happy with grow,2026-09-03
appstore,5,Good,Good,2026-09-03
appstore,5,Excellent,Expert to suggest no knowledge,2026-09-03
appstore,5,Good,It’s good,2026-09-03
appstore,5,Good app,Great experience so far,2026-09-03
appstore,5,Good,Easy handling,2026-09-03
appstore,5,very happy,very good app,2026-09-03
appstore,5,Great experience easy to understand,One of the best trading aap I ever used,2026-09-03
appstore,5,Good,V good,2026-09-03
appstore,5,Better than its competitors,Easy to use and understandable,2026-09-03
appstore,5,Great app,Too good,2026-09-03
appstore,5,Excellent,Excellent,2026-09-03
appstore,5,GROWW,Best broker of Indian stock market.,2026-09-03
appstore,4,Very Simple,Good app but need to improve in indicators,2026-09-03
appstore,5,Equity and mutual fund,Excellent,2026-09-03
appstore,5,Supar app,Supar app,2026-09-03
appstore,5,Good,Niche,2026-09-03
appstore,5,Good,It’s good,2026-09-03
appstore,5,Very good,5,2026-09-03
appstore,5,Excellent App,Ekdum JHAKAAS app hain Groww 👍🏻,2026-09-03
appstore,1,Third class service,5 din se jyada ho gye account opening process kiye huye abhi tak koyi update nhi h bakwas app,2026-09-03
appstore,5,App,Very good app for investment beginners & active investors as well. The emails are also useful for understanding market insights and dynamics 👍😊,2026-09-03
appstore,5,Easy,Very easy to Operate,2026-09-03
appstore,5,Best,Super app,2026-09-03
appstore,5,Useful app.,Very helpful.,2026-09-03
appstore,5,Best trading app,Superb app for IPO AND TRADING,2026-09-03
appstore,5,Great platform,Many THANKS,2026-09-03
appstore,5,Best ever app,Best app for all beginners and sharpening,2026-09-03
appstore,5,Superb App,I like quick intuitive features to trade fast and with precision!,2026-09-03
appstore,5,Same day we can buy stock after sell,Excellent application,2026-09-03
appstore,5,Good,Good service,2026-09-02
appstore,5,Super,5 star,2026-09-02
appstore,5,Grow,Nice,2026-09-02
appstore,5,Secure,Safe and secure account. Fair deal at genuine charges.,2026-09-02
appstore,5,Great,Over all good,2026-09-02
appstore,5,The algorithm,Nice look up and stability!,2026-09-02
appstore,5,Good to use,Top user interface,2026-09-02
appstore,5,Awesome,Superb,2026-09-02
appstore,5,Best app for beginners,Excellent for sip mutual funds,2026-09-02
appstore,5,Smart & Easy Investing Experience,"Really impressed with the Groww app! I recently bought a share using the AI feature, and the experience was very smooth. The order was prepared for me automatically, and I just had to click the Buy button to place it. Super simple, fast, and convenient. Great experience so far! Highly recommended.",2026-09-02
appstore,5,Groww means growth,Very fast & easy to use app,2026-09-02
appstore,5,Good Experience,Neat and Clean UI/UX,2026-09-02
appstore,5,Trading,Awesome app for trading.,2026-09-02
appstore,5,I am using since 5 years,Very very easy to understand and easy to place any orders,2026-09-02
appstore,5,Earn money,Good for knowledge and good for money,2026-09-02
appstore,5,Good,Excellent,2026-09-02
appstore,3,Stop pushing Groww loan app,"Every time I open Groww app , you app pushes me to the AppStore to download Groww loan app .
Stop !! it’s really annoying.",2026-09-02
appstore,5,V s,100% trusted app,2026-09-02
appstore,5,John,👍👍👍,2026-09-02
appstore,5,Excellent,Very good,2026-09-02
appstore,4,Brokerage charge,Batter if the brokerage charge gets down Groww can attract many more customers/user to in is bucket,2026-09-02
appstore,5,Good,Good,2026-09-02
appstore,5,Good,Good,2026-09-02
appstore,5,Very easy to use,Applications very easy to use and understand,2026-09-02
appstore,5,Excellent App,"Very simple design and ease of use along with speed and
 accuracy",2026-09-02
appstore,5,Mr,Jitendra khanna,2026-09-02
appstore,5,Good,Its easy and smooth to use for me,2026-09-02
appstore,5,Excellent,"Very interactive and easy to use interface. Overall, it’s an excellent application for all trading, and mutual fund requirement.",2026-09-02
appstore,5,Best App,It is the most user friendly n trustworthy app for trading,2026-09-02
appstore,5,Jaldi download karo Grow Karo,This the best app ever I have seen for stocks and mutual funds. I was a beginner and this app made me feel so comfortable like I am using it since ages ago. Kudos to Grow app !!!,2026-09-02
appstore,5,Easy user interface,Groww’s interface is very easy to use for all,2026-09-02
appstore,5,groww stocks,கூட்ஸ் ஆப்,2026-09-02
appstore,5,Good,Overall it's gud,2026-09-02
appstore,5,User friendly,"Overall, using grow is an superb experience, specially in terms of easy to understand and every information on finger trip",2026-09-02
appstore,5,Good,Good,2026-09-02
appstore,5,Nice work,Good,2026-09-02
appstore,5,Best App to Grow,All investment in one application,2026-09-02
appstore,5,Awe,Seriously a great app to use and is very user-friendly.,2026-09-02
appstore,5,Good,Good,2026-09-02
appstore,5,Easy and fast,Unbelievably loving this app to trade in everyday life. It’s easy to use and system is fantastic too.,2026-09-02
appstore,5,Very Good Investing Application,Very Good Investing Application,2026-09-02
appstore,5,Xxx,Lovely app,2026-09-02
appstore,5,S,E,2026-09-02
appstore,5,Good,Good recommendation from my side to my friends,2026-09-02
appstore,5,Best investment option,Thank you,2026-09-02
appstore,5,Sip nice plan ❤️,Sip nice plan ❤️,2026-09-02
appstore,1,Bad time,Modi hatao market main kuch ho payega,2026-09-02
appstore,5,Best trading app for beginners,Simple best super,2026-09-02
appstore,5,Not So Smooth,Make this smooth as like Android. Please .,2026-09-02
appstore,5,Good application,Easy to use app to buy and sell,2026-09-02
appstore,5,Good,Thank you,2026-09-02
appstore,5,DMP,DMP,2026-09-02
appstore,5,we are growing,my fund is growing,2026-09-02
appstore,5,Good,Easy to use,2026-09-02
appstore,5,Good brokerage app,Very good service,2026-09-02
appstore,5,Easy to use,Good to have the app,2026-09-02
appstore,5,Best App,User friendly easy to use fast service mostly recommended,2026-09-02
appstore,5,Great,Very good aap,2026-09-02
appstore,5,User friendly,Good to use,2026-09-02
appstore,5,Best,Good,2026-09-02
appstore,5,App review,App is good without any hiccups so far!,2026-09-02
appstore,5,Great experience,Great app. Sometimes buy price seems to be higher than initial shown price.,2026-09-02
appstore,5,Good app,Good app,2026-09-02
appstore,5,Friendly APP,User friendly,2026-09-02
appstore,5,Good,Very good,2026-09-02
appstore,5,Reliable,works could be done very easily .,2026-09-02
appstore,5,User friendly,Groww is super user friendly and reliable for beginners as well as expert investors. Thank you,2026-09-02
